-- phpMyAdmin SQL Dump
-- version 5.0.2
-- https://www.phpmyadmin.net/
--
-- Host: 127.0.0.1
-- Waktu pembuatan: 20 Feb 2021 pada 18.43
-- Versi server: 10.4.11-MariaDB
-- Versi PHP: 7.2.29

SET SQL_MODE = "NO_AUTO_VALUE_ON_ZERO";
START TRANSACTION;
SET time_zone = "+00:00";


/*!40101 SET @OLD_CHARACTER_SET_CLIENT=@@CHARACTER_SET_CLIENT */;
/*!40101 SET @OLD_CHARACTER_SET_RESULTS=@@CHARACTER_SET_RESULTS */;
/*!40101 SET @OLD_COLLATION_CONNECTION=@@COLLATION_CONNECTION */;
/*!40101 SET NAMES utf8mb4 */;

--
-- Database: `uas`
--

-- --------------------------------------------------------

--
-- Struktur dari tabel `barang`
--

CREATE TABLE `barang` (
  `id_barang` int(11) NOT NULL,
  `nama` varchar(100) NOT NULL,
  `kategori_id` int(11) NOT NULL,
  `satuan_id` int(11) NOT NULL
) ENGINE=InnoDB DEFAULT CHARSET=utf8mb4;

--
-- Dumping data untuk tabel `barang`
--

INSERT INTO `barang` (`id_barang`, `nama`, `kategori_id`, `satuan_id`) VALUES
(6, 'Kaos T', 1, 1),
(7, 'Celana Bahan 32', 2, 1),
(8, 'Ale-ale', 3, 1);

-- --------------------------------------------------------

--
-- Struktur dari tabel `kategori`
--

CREATE TABLE `kategori` (
  `id_kategori` int(11) NOT NULL,
  `nama` varchar(100) NOT NULL
) ENGINE=InnoDB DEFAULT CHARSET=utf8mb4;

--
-- Dumping data untuk tabel `kategori`
--

INSERT INTO `kategori` (`id_kategori`, `nama`) VALUES
(1, 'Baju'),
(2, 'Celana'),
(3, 'Minuman');

-- --------------------------------------------------------

--
-- Struktur dari tabel `pelanggan`
--

CREATE TABLE `pelanggan` (
  `id_pelanggan` int(11) NOT NULL,
  `nama_pelanggan` char(20) NOT NULL,
  `no_tlp` varchar(14) NOT NULL,
  `status` char(10) NOT NULL
) ENGINE=InnoDB DEFAULT CHARSET=utf8mb4;

--
-- Dumping data untuk tabel `pelanggan`
--

INSERT INTO `pelanggan` (`id_pelanggan`, `nama_pelanggan`, `no_tlp`, `status`) VALUES
(1, 'budi', '123456', 'nonmember'),
(3, 'asep', '012', 'nonmember'),
(4, 'suwarni', '123', 'member');

-- --------------------------------------------------------

--
-- Struktur dari tabel `satuan`
--

CREATE TABLE `satuan` (
  `id_satuan` int(11) NOT NULL,
  `nama` varchar(100) NOT NULL
) ENGINE=InnoDB DEFAULT CHARSET=utf8mb4;

--
-- Dumping data untuk tabel `satuan`
--

INSERT INTO `satuan` (`id_satuan`, `nama`) VALUES
(1, 'PCS'),
(2, 'Kg'),
(3, 'Liter'),
(4, 'Ons');

-- --------------------------------------------------------

--
-- Struktur dari tabel `transaksi`
--

CREATE TABLE `transaksi` (
  `id_transaksi` int(11) NOT NULL,
  `nama_transaksi` varchar(100) NOT NULL,
  `tgl_transaksi` date NOT NULL,
  `harga` int(11) NOT NULL,
  `qty` int(11) NOT NULL,
  `id_barang` int(11) NOT NULL,
  `diskon` int(11) NOT NULL,
  `id_pelanggan` int(11) NOT NULL
) ENGINE=InnoDB DEFAULT CHARSET=utf8mb4;

--
-- Dumping data untuk tabel `transaksi`
--

INSERT INTO `transaksi` (`id_transaksi`, `nama_transaksi`, `tgl_transaksi`, `harga`, `qty`, `id_barang`, `diskon`, `id_pelanggan`) VALUES
(1, 'TR0001', '2021-02-20', 100, 10, 6, 0, 1),
(4, 'TR0002', '2021-02-20', 500, 50, 6, 0, 3),
(5, 'TR0003', '2021-02-20', 1000, 1, 6, 5, 4),
(6, 'TR0004', '2021-02-20', 25000, 1, 7, 5, 4),
(7, 'TR0005', '2021-02-20', 500, 1, 8, 0, 1);

--
-- Indexes for dumped tables
--

--
-- Indeks untuk tabel `barang`
--
ALTER TABLE `barang`
  ADD PRIMARY KEY (`id_barang`);

--
-- Indeks untuk tabel `kategori`
--
ALTER TABLE `kategori`
  ADD PRIMARY KEY (`id_kategori`);

--
-- Indeks untuk tabel `pelanggan`
--
ALTER TABLE `pelanggan`
  ADD PRIMARY KEY (`id_pelanggan`);

--
-- Indeks untuk tabel `satuan`
--
ALTER TABLE `satuan`
  ADD PRIMARY KEY (`id_satuan`);

--
-- Indeks untuk tabel `transaksi`
--
ALTER TABLE `transaksi`
  ADD PRIMARY KEY (`id_transaksi`);

--
-- AUTO_INCREMENT untuk tabel yang dibuang
--

--
-- AUTO_INCREMENT untuk tabel `barang`
--
ALTER TABLE `barang`
  MODIFY `id_barang` int(11) NOT NULL AUTO_INCREMENT, AUTO_INCREMENT=9;

--
-- AUTO_INCREMENT untuk tabel `kategori`
--
ALTER TABLE `kategori`
  MODIFY `id_kategori` int(11) NOT NULL AUTO_INCREMENT, AUTO_INCREMENT=6;

--
-- AUTO_INCREMENT untuk tabel `pelanggan`
--
ALTER TABLE `pelanggan`
  MODIFY `id_pelanggan` int(11) NOT NULL AUTO_INCREMENT, AUTO_INCREMENT=5;

--
-- AUTO_INCREMENT untuk tabel `satuan`
--
ALTER TABLE `satuan`
  MODIFY `id_satuan` int(11) NOT NULL AUTO_INCREMENT, AUTO_INCREMENT=5;

--
-- AUTO_INCREMENT untuk tabel `transaksi`
--
ALTER TABLE `transaksi`
  MODIFY `id_transaksi` int(11) NOT NULL AUTO_INCREMENT, AUTO_INCREMENT=8;
COMMIT;

/*!40101 SET CHARACTER_SET_CLIENT=@OLD_CHARACTER_SET_CLIENT */;
/*!40101 SET CHARACTER_SET_RESULTS=@OLD_CHARACTER_SET_RESULTS */;
/*!40101 SET COLLATION_CONNECTION=@OLD_COLLATION_CONNECTION */;
